t_s,frame,dtMs,fps,cpuMainMs,cpuRenderMs,gpuMs,presentWaitMs,gc0,gc1,gc2
4.933,0,4933.35,0.2,0.00,0.00,0.00,0.00,382,382,382
6.113,1,1179.29,0.8,0.00,0.00,0.00,0.00,382,382,382
6.380,2,267.07,3.7,0.04,1.57,0.00,0.00,383,383,383
6.808,3,427.97,2.3,0.04,8.39,0.00,0.00,383,383,383
7.208,4,400.44,2.5,217.38,2.81,0.54,0.00,383,383,383
7.628,5,420.28,2.4,32.08,10.45,0.91,0.00,383,383,383
8.051,6,422.14,2.4,28.93,174.71,1.00,0.00,383,383,383
8.473,7,422.75,2.4,10.57,197.27,4.76,0.62,383,383,383
8.584,8,110.63,9.0,8.24,205.99,7.71,6.78,383,383,383
8.695,9,111.06,9.0,8.71,198.17,7.85,2.02,383,383,383
8.761,10,66.41,15.1,8.74,35.55,8.38,8.21,383,383,383
8.828,11,66.93,14.9,8.77,40.11,8.76,13.36,383,383,383
8.895,12,66.37,15.1,7.85,21.65,8.59,9.73,383,383,383
8.961,13,66.65,15.0,9.08,20.69,8.75,7.85,383,383,383
9.031,14,69.67,14.4,8.84,24.84,7.58,6.88,383,383,383
9.095,15,64.00,15.6,7.81,26.44,16.91,0.00,383,383,383
9.161,16,66.30,15.1,7.05,21.40,7.03,2.80,383,383,383
9.228,17,66.88,15.0,9.90,19.56,7.23,8.44,383,383,383
9.295,18,66.56,15.0,9.96,19.20,6.46,7.58,383,383,383
9.361,19,66.72,15.0,8.76,23.57,6.23,7.44,383,383,383
9.432,20,70.05,14.3,7.59,21.41,12.02,5.95,383,383,383
9.495,21,63.46,15.8,8.47,21.99,6.79,7.29,383,383,383
9.561,22,66.40,15.1,7.91,22.85,11.45,7.46,383,383,383
9.628,23,66.86,15.0,8.31,19.43,11.32,6.88,383,383,383
9.695,24,66.38,15.1,7.26,18.62,6.60,7.44,383,383,383
9.761,25,66.86,15.0,10.03,24.59,11.98,3.37,383,383,383
9.828,26,66.68,15.0,7.53,23.79,1.63,0.00,383,383,383
9.895,27,66.52,15.0,8.08,25.74,1.84,0.00,383,383,383
9.939,28,44.25,22.6,7.21,21.12,1.49,7.29,383,383,383
9.983,29,44.56,22.4,8.50,16.58,1.90,6.06,383,383,383
10.028,30,44.39,22.5,7.93,13.56,1.61,6.64,383,383,383
10.072,31,44.43,22.5,7.04,14.35,1.72,0.00,383,383,383
10.117,32,44.62,22.4,6.83,14.26,1.64,0.00,383,383,383
10.161,33,44.33,22.6,6.63,13.42,1.45,0.00,383,383,383
10.205,34,44.11,22.7,7.46,14.81,1.84,0.00,383,383,383
10.228,35,22.26,44.9,6.50,15.61,1.53,0.00,383,383,383
10.250,36,22.30,44.8,7.10,15.47,1.66,0.00,383,383,383
10.272,37,22.10,45.2,6.34,3.77,1.68,0.00,383,383,383
10.294,38,22.17,45.1,6.10,2.32,1.50,0.00,383,383,383
10.317,39,22.37,44.7,6.78,3.40,1.27,0.00,383,383,383
10.339,40,22.15,45.1,6.27,2.96,1.47,0.00,383,383,383
10.361,41,22.11,45.2,6.59,3.99,1.55,0.00,383,383,383
10.383,42,22.27,44.9,5.91,1.99,1.46,0.00,383,383,383
10.405,43,22.18,45.1,7.03,3.80,1.29,0.00,383,383,383
10.428,44,22.27,44.9,5.90,3.66,1.45,0.00,383,383,383
10.450,45,22.25,45.0,5.67,3.54,1.29,0.00,383,383,383
10.472,46,22.21,45.0,6.47,3.74,1.79,0.00,383,383,383
10.495,47,22.49,44.5,5.60,3.21,1.29,0.00,383,383,383
10.517,48,22.03,45.4,6.88,3.47,1.63,0.00,383,383,383
10.539,49,22.24,45.0,5.84,3.93,1.29,0.00,383,383,383
10.561,50,22.58,44.3,5.98,3.50,1.44,0.00,383,383,383
10.583,51,21.68,46.1,6.18,3.13,1.58,0.00,383,383,383
10.605,52,22.46,44.5,7.21,3.47,1.60,0.00,383,383,383
10.628,53,22.05,45.4,5.91,2.40,1.27,0.00,383,383,383
10.650,54,22.75,44.0,6.04,3.91,1.47,0.00,383,383,383
10.672,55,22.06,45.3,5.48,3.52,1.27,0.00,383,383,383
10.694,56,22.03,45.4,6.30,2.48,1.76,0.00,383,383,383
10.723,57,28.49,35.1,6.76,3.32,1.29,0.00,383,383,383
10.745,58,21.92,45.6,6.31,3.32,1.49,0.00,383,383,383
10.767,59,22.11,45.2,5.56,11.43,1.29,0.00,383,383,383
10.789,60,22.29,44.9,6.28,3.42,1.50,0.00,383,383,383
10.812,61,22.40,44.6,6.63,3.55,1.70,0.00,383,383,383
10.834,62,22.08,45.3,6.16,3.36,1.42,0.00,383,383,383
10.856,63,22.29,44.9,5.80,3.89,1.30,0.00,383,383,383
10.878,64,22.46,44.5,6.04,3.07,1.44,0.00,383,383,383
10.901,65,22.33,44.8,6.15,3.27,1.29,0.00,383,383,383
10.923,66,21.78,45.9,7.45,3.59,1.92,0.00,383,383,383
10.945,67,22.31,44.8,5.62,3.20,1.29,0.00,383,383,383
10.967,68,22.10,45.2,6.16,3.07,1.44,0.00,383,383,383
10.989,69,22.44,44.6,5.84,4.00,1.29,0.00,383,383,383
11.011,70,22.03,45.4,6.41,3.66,1.60,0.00,383,383,383
11.034,71,22.22,45.0,6.20,3.61,1.57,0.00,383,383,383
11.056,72,22.65,44.1,6.32,3.75,1.49,0.00,383,383,383
11.078,73,22.04,45.4,5.36,2.99,1.29,0.00,383,383,383
11.100,74,22.04,45.4,7.26,3.19,1.65,0.00,383,383,383
11.123,75,22.33,44.8,6.33,3.32,1.28,0.00,383,383,383
11.145,76,22.11,45.2,6.52,3.10,1.74,0.00,383,383,383
11.167,77,22.26,44.9,6.02,3.84,1.29,0.00,383,383,383
11.189,78,22.35,44.8,6.11,2.20,1.47,0.00,383,383,383
11.212,79,22.12,45.2,6.53,3.47,1.28,0.00,383,383,383
11.234,80,22.22,45.0,6.26,3.63,1.45,0.30,383,383,383
11.256,81,22.16,45.1,6.54,3.77,1.54,0.00,383,383,383
11.278,82,22.29,44.9,5.65,3.57,1.47,0.00,383,383,383
11.300,83,22.10,45.2,5.68,3.26,1.30,0.00,383,383,383
11.323,84,22.27,44.9,7.10,3.44,1.62,0.00,383,383,383
11.345,85,22.10,45.3,5.69,3.48,1.29,0.00,383,383,383
11.367,86,22.38,44.7,6.77,3.44,1.75,0.00,383,383,383
11.389,87,22.14,45.2,5.74,3.46,1.29,0.00,383,383,383
11.411,88,22.20,45.0,7.01,3.72,1.67,0.00,383,383,383
11.434,89,22.30,44.8,5.90,3.76,1.48,0.00,383,383,383
11.457,90,23.14,43.2,5.81,4.24,1.68,0.00,383,383,383
11.479,91,22.00,45.5,5.85,3.32,1.79,0.00,383,383,383
11.501,92,22.28,44.9,7.33,3.44,1.86,0.00,383,383,383
11.524,93,22.38,44.7,6.54,2.21,1.48,0.00,383,383,383
11.546,94,22.02,45.4,7.77,4.18,1.67,0.00,383,383,383
11.568,95,22.09,45.3,5.74,3.23,1.46,0.00,383,383,383
11.590,96,22.59,44.3,6.46,2.07,3.72,0.00,383,383,383
11.612,97,21.97,45.5,6.83,2.87,1.48,0.00,383,383,383
11.635,98,23.08,43.3,7.00,3.24,1.69,0.00,383,383,383
11.658,99,22.36,44.7,6.23,3.37,1.49,0.00,383,383,383
11.680,100,22.83,43.8,5.91,2.89,1.67,0.00,383,383,383
11.702,101,21.56,46.4,8.36,3.51,1.74,0.00,383,383,383
11.724,102,22.39,44.7,6.89,3.05,3.44,0.00,383,383,383
11.747,103,22.38,44.7,5.84,2.45,1.49,0.00,383,383,383
11.769,104,21.92,45.6,6.51,4.44,1.66,0.00,383,383,383
11.791,105,22.18,45.1,5.95,3.11,3.09,0.00,383,383,383
11.813,106,22.39,44.7,7.50,3.09,2.14,0.00,383,383,383
11.836,107,22.25,44.9,5.73,3.66,1.50,0.00,383,383,383
11.857,108,21.96,45.5,6.12,3.52,3.74,0.00,383,383,383
11.880,109,22.67,44.1,5.37,3.02,1.50,0.00,383,383,383
11.906,110,25.56,39.1,6.92,2.39,1.91,0.00,383,383,383
11.928,111,22.49,44.5,7.12,3.32,3.58,0.00,383,383,383
11.950,112,21.93,45.6,6.08,1.04,1.71,0.00,383,383,383
11.973,113,22.45,44.6,5.54,3.06,1.48,0.00,383,383,383
11.995,114,22.28,44.9,7.40,3.49,1.87,0.00,383,383,383
12.017,115,21.96,45.5,5.45,3.50,1.51,0.00,383,383,383
12.044,116,26.90,37.2,6.52,3.30,1.99,0.00,383,383,383
12.071,117,27.57,36.3,5.70,3.72,1.50,0.00,384,384,384
12.094,118,22.27,44.9,5.96,1.49,1.71,0.00,384,384,384
12.116,119,22.19,45.1,9.54,2.34,3.60,0.00,384,384,384
12.138,120,22.23,45.0,16.28,4.04,1.68,0.00,384,384,384
12.160,121,22.38,44.7,7.46,3.02,1.79,0.00,384,384,384
12.182,122,21.94,45.6,6.75,1.79,2.18,0.00,384,384,384
12.204,123,22.19,45.1,7.84,2.39,1.50,0.00,384,384,384
12.227,124,22.14,45.2,7.43,2.65,1.68,0.00,384,384,384
12.249,125,22.49,44.5,6.51,3.79,1.97,0.00,384,384,384
12.271,126,22.31,44.8,8.07,3.31,2.06,0.00,384,384,384
12.293,127,21.96,45.5,6.33,2.86,1.51,0.00,384,384,384
12.316,128,22.32,44.8,8.16,2.32,2.35,0.00,384,384,384
12.338,129,22.21,45.0,6.87,2.94,1.51,0.00,384,384,384
12.360,130,22.47,44.5,7.13,3.45,1.69,0.00,384,384,384
12.382,131,21.88,45.7,7.44,2.90,2.27,0.00,384,384,384
12.405,132,22.30,44.8,8.23,3.21,1.88,0.00,384,384,384
12.427,133,22.59,44.3,6.52,3.02,1.52,0.00,384,384,384
12.449,134,22.22,45.0,6.90,4.44,1.52,0.00,384,384,384
12.472,135,22.58,44.3,6.21,3.36,0.00,0.00,384,384,384
12.494,136,21.58,46.3,8.66,2.03,2.09,0.00,384,384,384
12.515,137,21.82,45.8,7.43,2.67,1.98,0.00,384,384,384
12.538,138,22.68,44.1,7.44,3.33,1.72,0.00,384,384,384
12.561,139,22.44,44.6,6.61,3.73,1.54,0.00,384,384,384
12.583,140,22.19,45.1,7.11,3.91,2.22,0.00,384,384,384
12.605,141,22.26,44.9,8.49,2.84,1.96,0.00,384,384,384
12.627,142,21.78,45.9,7.55,2.93,1.76,0.00,384,384,384
12.651,143,23.85,41.9,6.68,2.84,1.99,0.00,384,384,384
12.673,144,22.30,44.8,7.39,2.88,1.78,0.00,384,384,384
12.695,145,21.66,46.2,6.39,3.77,1.54,0.00,384,384,384
12.717,146,22.49,44.5,9.84,2.66,2.25,0.00,384,384,384
12.740,147,22.58,44.3,6.92,2.51,1.53,0.00,384,384,384
12.762,148,22.10,45.3,7.31,3.94,1.73,0.00,384,384,384
12.784,149,22.35,44.7,6.52,3.48,1.52,0.00,384,384,384
12.806,150,22.39,44.7,7.97,2.65,1.91,0.00,384,384,384
12.828,151,21.71,46.1,7.79,2.70,1.88,0.00,384,384,384
12.850,152,22.28,44.9,7.31,2.74,1.74,0.00,384,384,384
12.873,153,22.42,44.6,6.74,3.27,1.55,0.00,384,384,384
12.895,154,22.20,45.0,6.56,2.98,1.73,0.00,384,384,384
12.917,155,22.03,45.4,7.39,3.62,1.56,0.00,384,384,384
12.940,156,22.88,43.7,8.16,3.70,2.03,0.00,384,384,384
12.962,157,21.62,46.3,6.61,3.17,1.55,0.00,384,384,384
12.984,158,22.21,45.0,6.78,2.74,1.79,0.00,384,384,384
13.006,159,22.41,44.6,7.36,3.17,1.56,0.00,384,384,384
13.028,160,22.14,45.2,6.71,2.89,1.74,0.00,384,384,384
13.051,161,22.21,45.0,7.70,2.85,1.85,0.00,384,384,384
13.095,162,44.71,22.4,7.17,2.75,1.76,0.00,384,384,384
13.140,163,44.30,22.6,6.34,3.04,1.55,0.00,384,384,384
13.184,164,44.39,22.5,7.75,12.95,1.91,0.00,384,384,384
13.228,165,44.31,22.6,5.88,14.08,1.56,0.00,384,384,384
13.251,166,22.29,44.9,6.73,13.52,2.06,0.00,384,384,384
13.273,167,22.15,45.1,7.70,14.24,4.18,0.00,384,384,384
13.295,168,22.33,44.8,6.34,3.00,1.77,0.00,384,384,384
13.317,169,21.98,45.5,7.72,3.06,2.31,0.00,384,384,384
13.340,170,22.55,44.3,5.94,4.12,1.57,0.00,384,384,384
13.362,171,22.14,45.2,6.26,3.34,1.77,0.00,384,384,384
13.384,172,22.04,45.4,5.53,3.28,1.58,0.00,384,384,384
13.406,173,22.47,44.5,7.32,3.22,1.91,0.00,384,384,384
13.429,174,22.83,43.8,6.47,3.47,1.79,0.00,384,384,384
13.455,175,25.79,38.8,6.14,2.85,0.00,0.00,384,384,384
13.480,176,24.77,40.4,6.09,4.12,1.59,0.00,384,384,384
13.500,177,20.62,48.5,6.33,1.35,1.80,0.00,384,384,384
13.522,178,21.48,46.6,6.94,2.18,1.60,0.00,384,384,384
13.544,179,22.15,45.1,7.00,1.69,2.16,0.00,384,384,384
13.588,180,44.50,22.5,5.70,2.36,2.62,0.00,384,384,384
13.633,181,44.67,22.4,5.88,1.85,1.86,0.00,384,384,384
13.677,182,44.06,22.7,6.77,14.02,1.58,0.00,384,384,384
13.722,183,44.86,22.3,6.52,14.67,1.79,0.00,384,384,384
13.745,184,22.78,43.9,6.53,13.56,2.15,0.00,384,384,384
13.768,185,23.48,42.6,7.18,14.44,2.01,0.00,384,384,384
13.789,186,20.99,47.6,6.39,2.83,1.83,0.00,384,384,384
13.812,187,22.48,44.5,7.44,3.54,2.29,0.00,384,384,384
13.835,188,22.87,43.7,6.13,2.02,2.13,0.00,384,384,384
13.857,189,22.48,44.5,6.14,3.16,1.87,0.00,384,384,384
13.879,190,22.07,45.3,5.91,2.74,1.66,0.00,384,384,384
13.924,191,45.14,22.2,7.49,2.23,2.54,0.00,384,384,384
13.968,192,43.93,22.8,7.46,3.45,4.16,0.00,384,384,384
14.015,193,46.80,21.4,6.22,13.87,1.82,0.00,384,384,384
14.058,194,42.97,23.3,6.17,13.63,1.66,0.00,384,384,384
14.102,195,43.83,22.8,7.06,13.81,4.25,0.00,384,384,384
14.146,196,44.00,22.7,7.18,0.88,2.22,0.00,384,384,384
14.190,197,44.05,22.7,6.39,1.49,0.26,0.00,384,384,384
14.234,198,44.63,22.4,7.13,1.43,0.39,0.00,384,384,384
14.279,199,44.81,22.3,7.06,1.36,0.64,0.00,384,384,384
14.324,200,44.60,22.4,7.40,15.37,0.45,0.00,384,384,384
14.367,201,43.60,22.9,5.74,14.91,4.19,0.00,384,384,384
14.402,202,34.34,29.1,7.35,14.31,2.42,0.00,384,384,384
14.425,203,23.71,42.2,6.32,1.30,1.93,0.00,384,384,384
14.449,204,23.03,43.4,6.93,14.95,0.44,0.00,384,384,384
14.469,205,20.85,48.0,6.94,0.79,2.32,0.00,384,384,384
14.492,206,22.23,45.0,6.51,0.12,0.31,0.00,384,384,384
14.514,207,22.50,44.4,6.94,2.10,0.03,0.00,384,384,384
14.536,208,22.06,45.3,6.17,5.29,1.98,0.00,384,384,384
14.559,209,22.70,44.1,5.76,3.64,2.10,0.00,384,384,384
14.581,210,22.23,45.0,6.22,2.65,2.01,0.00,384,384,384
14.603,211,22.39,44.7,6.23,3.80,1.76,0.00,384,384,384
14.625,212,21.65,46.2,5.95,1.97,2.02,0.00,384,384,384
14.648,213,22.43,44.6,6.65,3.31,1.78,0.00,384,384,384
14.669,214,21.93,45.6,6.12,2.68,2.41,0.00,384,384,384
14.692,215,22.16,45.1,6.57,3.43,1.77,0.34,384,384,384
14.715,216,22.97,43.5,7.10,3.13,2.16,0.00,384,384,384
14.737,217,22.32,44.8,5.76,3.45,1.77,0.00,384,384,384
14.759,218,22.48,44.5,6.29,3.55,2.02,0.00,384,384,384
14.782,219,22.84,43.8,6.93,2.51,2.08,0.00,384,384,384
14.804,220,21.42,46.7,7.42,3.76,2.11,0.00,384,384,384
14.826,221,22.25,45.0,5.95,3.41,1.66,0.00,384,384,384
14.848,222,22.28,44.9,6.09,3.08,1.84,0.00,384,384,384
14.870,223,22.29,44.9,5.24,4.23,1.67,0.00,384,384,384
14.893,224,22.11,45.2,6.58,1.79,2.22,0.00,384,384,384
14.916,225,23.16,43.2,6.87,4.53,2.14,0.68,384,384,384
14.938,226,21.77,45.9,6.20,3.47,1.85,0.00,384,384,384
14.960,227,22.44,44.6,5.99,3.78,1.65,0.00,384,384,384
14.982,228,22.12,45.2,6.59,3.02,1.89,0.00,384,384,384
15.004,229,22.15,45.1,7.32,3.90,2.11,0.00,384,384,384
15.027,230,22.24,45.0,6.05,3.01,1.82,0.00,384,384,384
15.049,231,22.57,44.3,6.01,2.95,1.61,0.00,384,384,384
15.071,232,22.00,45.4,6.11,3.52,1.85,0.00,384,384,384
15.093,233,22.21,45.0,5.96,2.61,1.62,0.00,384,384,384
15.116,234,22.59,44.3,8.12,3.71,2.86,0.00,384,384,384
15.138,235,21.87,45.7,5.41,3.85,1.62,0.00,384,384,384
15.160,236,22.27,44.9,6.24,3.22,1.81,0.00,384,384,384
15.183,237,22.77,43.9,6.10,2.52,1.60,0.00,384,384,384
15.204,238,21.55,46.4,6.95,3.53,2.00,0.00,384,384,384
15.230,239,25.54,39.2,6.52,3.46,1.91,0.00,384,384,384
15.259,240,28.87,34.6,6.40,2.71,1.79,0.00,385,385,385
15.281,241,22.55,44.3,5.65,4.39,1.81,0.00,385,385,385
15.303,242,21.31,46.9,5.71,1.49,0.00,0.00,385,385,385
15.326,243,23.32,42.9,10.66,3.74,1.61,0.00,385,385,385
15.348,244,21.62,46.3,15.64,2.42,2.15,0.00,385,385,385
15.370,245,22.28,44.9,6.34,3.34,1.59,0.00,385,385,385
15.404,246,34.29,29.2,7.73,1.41,3.96,0.00,385,385,385
15.448,247,43.67,22.9,7.61,4.47,1.60,0.00,385,385,385
15.492,248,44.48,22.5,7.08,3.76,1.80,0.00,385,385,385
15.537,249,44.36,22.5,8.05,14.08,3.77,1.03,385,385,385
15.570,250,33.43,29.9,7.32,14.20,1.80,0.00,385,385,385
15.592,251,21.89,45.7,8.24,14.36,1.91,0.00,385,385,385
15.615,252,22.84,43.8,8.43,14.61,2.09,0.00,385,385,385
15.639,253,24.40,41.0,8.55,3.12,1.91,0.00,385,385,385
15.661,254,21.94,45.6,7.90,4.35,1.75,0.00,385,385,385
15.684,255,22.72,44.0,6.57,3.79,1.59,0.00,385,385,385
15.706,256,21.91,45.6,9.94,3.60,4.04,0.00,385,385,385
15.728,257,22.34,44.8,5.72,3.42,1.60,0.00,385,385,385
15.750,258,22.18,45.1,7.19,3.00,1.83,0.00,385,385,385
15.773,259,22.24,45.0,6.00,3.18,1.59,0.00,385,385,385
15.794,260,21.93,45.6,6.97,3.12,1.79,0.00,385,385,385
15.817,261,22.69,44.1,8.14,3.53,2.04,0.00,385,385,385
15.839,262,22.05,45.4,6.78,3.33,1.82,0.00,385,385,385
15.861,263,22.23,45.0,6.18,3.70,1.60,0.00,385,385,385
15.884,264,22.32,44.8,7.00,2.13,1.80,0.00,385,385,385
15.906,265,22.33,44.8,7.22,3.59,1.60,0.00,385,385,385
15.928,266,22.14,45.2,8.07,2.98,2.09,0.00,385,385,385
15.950,267,22.05,45.4,6.78,3.35,1.59,0.00,385,385,385
15.972,268,22.16,45.1,6.92,2.11,1.83,0.00,385,385,385
15.995,269,22.20,45.0,7.35,2.99,1.57,0.00,385,385,385
16.017,270,22.49,44.5,6.68,3.94,1.79,0.00,385,385,385
16.039,271,22.10,45.2,7.05,3.91,1.90,0.00,385,385,385
16.061,272,22.22,45.0,6.54,3.32,1.80,0.00,385,385,385
16.084,273,22.40,44.6,6.60,3.01,1.59,0.00,385,385,385
16.106,274,22.17,45.1,7.93,4.11,1.95,0.00,385,385,385
16.128,275,22.22,45.0,6.46,2.96,1.60,0.00,385,385,385
16.150,276,22.22,45.0,8.40,3.39,2.62,0.00,385,385,385
16.173,277,22.34,44.8,6.17,3.73,1.59,0.00,385,385,385
16.195,278,22.51,44.4,6.37,2.24,1.81,0.00,385,385,385
16.222,279,26.53,37.7,7.20,3.25,1.60,0.00,385,385,385
16.266,280,44.65,22.4,6.73,3.85,1.81,0.00,385,385,385
16.311,281,44.35,22.5,7.56,0.81,1.89,0.00,385,385,385
16.355,282,44.65,22.4,6.92,13.39,0.26,0.00,385,385,385
16.400,283,44.48,22.5,7.34,13.90,1.58,0.00,385,385,385
16.444,284,44.54,22.5,6.96,14.00,1.73,0.00,385,385,385
16.489,285,44.16,22.6,9.57,14.01,2.25,0.00,385,385,385
16.533,286,44.76,22.3,7.36,13.70,1.82,0.00,385,385,385
16.579,287,45.59,21.9,8.61,14.10,1.97,0.00,385,385,385
16.624,288,44.55,22.4,8.55,14.17,2.07,0.00,385,385,385
16.667,289,43.48,23.0,7.39,13.65,1.80,0.00,385,385,385
16.711,290,44.26,22.6,7.92,2.00,1.98,1.29,385,385,385
16.756,291,44.38,22.5,9.86,1.40,0.55,0.00,385,385,385
16.800,292,44.34,22.6,8.66,14.24,0.43,0.00,385,385,385
16.845,293,44.53,22.5,7.90,13.17,2.32,0.00,385,385,385
16.889,294,44.74,22.4,9.49,15.32,2.23,0.00,385,385,385
16.934,295,44.26,22.6,7.08,13.69,2.27,0.00,385,385,385
16.978,296,44.28,22.6,6.93,13.69,1.82,0.00,385,385,385
17.022,297,44.07,22.7,9.23,13.89,2.39,0.00,385,385,385
17.079,298,57.29,17.5,6.76,15.00,1.79,0.00,385,385,385
17.113,299,33.46,29.9,7.68,1.83,2.99,0.00,385,385,385
17.161,300,48.45,20.6,9.34,15.17,0.61,0.00,385,385,385
17.202,301,40.97,24.4,7.50,5.13,2.35,0.00,385,385,385
17.247,302,44.71,22.4,9.66,14.56,2.96,1.07,385,385,385
17.292,303,44.78,22.3,7.50,10.61,1.84,0.00,385,385,385
17.336,304,44.40,22.5,7.56,13.48,4.39,0.00,385,385,385
17.381,305,44.79,22.3,9.68,13.93,2.52,0.00,385,385,385
17.424,306,43.57,23.0,7.62,13.39,2.30,0.00,385,385,385
17.469,307,44.65,22.4,6.86,2.25,4.47,0.00,385,385,385
17.513,308,44.48,22.5,9.03,14.30,0.77,0.00,385,385,385
17.558,309,44.46,22.5,7.00,13.93,2.83,0.00,385,385,385
17.602,310,44.25,22.6,7.94,13.25,4.65,0.00,385,385,385
17.625,311,23.36,42.8,8.21,14.24,2.65,0.00,385,385,385
17.651,312,25.62,39.0,7.82,14.90,2.41,0.00,385,385,385
17.683,313,32.29,31.0,7.02,4.04,5.43,0.00,385,385,385
17.715,314,31.26,32.0,9.77,4.13,3.42,0.00,385,385,385
17.740,315,25.46,39.3,6.07,3.23,2.61,0.00,385,385,385
17.773,316,32.67,30.6,6.80,2.44,0.52,0.00,385,385,385
17.817,317,44.59,22.4,6.26,4.71,0.30,0.00,385,385,385
17.862,318,44.65,22.4,9.50,1.24,2.79,0.00,385,385,385
17.906,319,44.31,22.6,6.22,13.82,2.05,0.00,385,385,385
17.951,320,44.91,22.3,6.89,13.54,2.31,0.00,385,385,385
17.995,321,43.40,23.0,9.10,13.00,2.84,0.00,385,385,385
18.040,322,45.07,22.2,7.50,13.09,2.28,0.00,385,385,385
18.085,323,45.72,21.9,7.74,13.32,2.45,0.00,385,385,385
18.129,324,43.30,23.1,7.33,14.68,2.70,0.00,385,385,385
18.178,325,49.16,20.3,6.84,12.74,2.32,0.00,385,385,385
18.219,326,40.95,24.4,8.58,12.14,2.55,0.00,385,385,385
18.263,327,44.52,22.5,9.27,13.31,2.77,0.00,385,385,385
18.307,328,43.62,22.9,8.44,1.28,2.61,0.00,385,385,385
18.351,329,44.40,22.5,13.83,11.12,0.37,0.00,385,385,385
18.396,330,44.85,22.3,10.93,12.43,2.93,0.00,385,385,385
18.441,331,44.72,22.4,7.99,14.83,2.43,0.00,385,385,385
18.485,332,44.46,22.5,8.10,11.45,4.93,0.00,385,385,385
18.530,333,44.42,22.5,10.85,13.42,2.84,0.00,385,385,385
18.575,334,45.49,22.0,7.57,13.85,2.46,0.00,385,385,385
18.619,335,43.79,22.8,8.58,12.48,5.07,0.00,385,385,385
18.663,336,44.20,22.6,9.80,13.13,2.83,0.00,385,385,385
18.708,337,44.21,22.6,8.45,11.38,2.63,0.00,385,385,385
18.751,338,43.52,23.0,7.88,10.05,4.88,0.00,385,385,385
18.797,339,45.84,21.8,11.67,12.93,3.04,0.00,385,385,385
18.842,340,44.85,22.3,7.72,14.21,2.48,0.00,385,385,385
18.886,341,44.30,22.6,8.52,13.50,5.41,0.00,385,385,385
18.932,342,45.43,22.0,9.26,12.56,3.06,0.00,385,385,385
18.973,343,41.86,23.9,7.79,13.03,2.66,0.00,385,385,385
19.018,344,44.62,22.4,8.65,11.23,5.10,0.00,385,385,385
19.063,345,45.38,22.0,10.03,12.21,3.01,0.00,385,385,385
19.107,346,43.78,22.8,8.59,15.22,3.65,0.00,385,385,385
19.151,347,44.06,22.7,7.47,12.82,5.94,0.00,385,385,385
19.195,348,44.14,22.7,10.63,14.35,3.15,0.00,385,385,385
19.240,349,44.67,22.4,7.37,14.25,2.56,0.00,385,385,385
19.285,350,44.51,22.5,7.89,16.68,5.14,0.00,385,385,385
19.336,351,51.87,19.3,7.92,14.69,3.75,0.01,385,385,385
19.373,352,36.88,27.1,7.06,14.66,2.72,0.00,385,385,385
19.419,353,45.63,21.9,7.55,13.92,5.47,0.00,385,385,385
19.462,354,42.88,23.3,8.33,6.46,3.19,0.00,385,385,385
19.507,355,44.92,22.3,7.73,15.06,2.94,0.00,385,385,385
19.552,356,45.28,22.1,7.24,13.14,5.15,0.00,385,385,385
19.596,357,44.07,22.7,9.14,15.06,4.28,0.00,385,385,385
19.641,358,44.69,22.4,7.06,14.55,2.71,0.00,385,385,385
19.688,359,47.28,21.2,7.53,12.94,5.41,0.00,385,385,385
19.729,360,41.46,24.1,8.18,14.19,3.26,0.00,386,386,386
19.774,361,44.83,22.3,6.90,9.75,2.86,0.00,386,386,386
19.818,362,43.73,22.9,11.33,4.98,5.45,0.00,386,386,386
19.863,363,44.89,22.3,17.59,13.76,3.19,0.00,386,386,386
19.907,364,44.38,22.5,8.56,14.12,3.02,0.00,386,386,386
19.952,365,44.73,22.4,7.61,13.65,6.35,0.00,386,386,386
19.996,366,44.45,22.5,9.57,13.95,3.57,0.00,386,386,386
20.041,367,44.26,22.6,7.96,14.18,2.82,0.00,386,386,386
20.085,368,43.91,22.8,8.40,13.26,5.51,0.00,386,386,386
20.130,369,45.06,22.2,8.79,13.39,3.26,0.00,386,386,386
20.174,370,43.84,22.8,7.67,14.22,2.86,0.00,386,386,386
20.221,371,47.25,21.2,7.80,15.72,5.56,0.00,386,386,386
20.263,372,41.81,23.9,9.16,13.08,3.20,0.00,386,386,386
20.307,373,44.69,22.4,8.06,14.01,3.00,0.00,386,386,386
20.352,374,44.47,22.5,7.57,11.03,5.40,0.00,386,386,386
20.396,375,44.12,22.7,11.24,14.59,5.04,0.00,386,386,386
20.441,376,44.69,22.4,6.99,13.30,2.92,0.00,386,386,386
20.485,377,44.54,22.5,8.29,13.33,5.81,0.00,386,386,386
20.530,378,44.61,22.4,8.36,14.11,3.55,0.00,386,386,386
20.574,379,44.41,22.5,8.30,13.27,2.93,0.00,386,386,386
20.619,380,44.74,22.3,8.85,13.58,5.73,0.00,386,386,386
20.663,381,44.48,22.5,9.05,13.17,3.54,0.00,386,386,386
20.707,382,44.05,22.7,8.57,13.56,3.21,0.00,386,386,386
20.752,383,44.46,22.5,7.43,12.28,5.76,0.00,386,386,386
20.796,384,43.85,22.8,10.10,12.62,3.67,0.00,386,386,386
20.841,385,44.85,22.3,8.00,13.17,3.07,1.07,386,386,386
20.886,386,45.44,22.0,8.52,12.92,5.73,0.00,386,386,386
20.929,387,43.28,23.1,8.62,14.75,3.52,0.00,386,386,386
20.974,388,45.01,22.2,7.40,14.32,3.00,0.00,386,386,386
21.037,389,62.43,16.0,8.29,11.13,5.88,0.00,386,386,386
21.081,390,44.49,22.5,11.27,14.12,3.50,0.00,386,386,386
21.149,391,67.37,14.8,8.96,3.91,3.27,0.00,386,386,386
21.215,392,66.37,15.1,38.01,14.01,3.58,0.66,386,386,386
21.283,393,67.76,14.8,8.35,1.74,3.25,0.00,386,386,386
21.348,394,65.42,15.3,8.30,3.80,0.52,0.00,386,386,386
21.415,395,66.40,15.1,10.54,2.27,1.68,0.00,386,386,386
21.459,396,44.29,22.6,9.60,21.23,0.58,0.00,386,386,386
21.504,397,45.19,22.1,11.07,24.60,3.61,0.00,386,386,386
21.549,398,45.14,22.2,8.12,12.19,3.44,0.00,386,386,386
21.593,399,43.87,22.8,10.47,13.51,3.83,0.00,386,386,386
21.637,400,43.57,22.9,7.53,13.29,3.22,0.00,386,386,386
21.682,401,45.07,22.2,8.84,11.28,3.41,0.00,386,386,386
21.725,402,43.78,22.8,9.78,12.07,3.77,0.00,386,386,386
21.770,403,44.84,22.3,8.29,13.78,6.15,0.00,386,386,386
21.815,404,44.32,22.6,9.40,12.00,3.56,0.00,386,386,386
21.860,405,45.19,22.1,9.49,13.68,3.78,0.00,386,386,386
21.904,406,44.31,22.6,8.67,13.21,3.56,0.00,386,386,386
21.957,407,52.66,19.0,7.36,12.42,3.93,0.00,386,386,386
22.001,408,44.43,22.5,10.01,12.15,4.01,0.49,386,386,386
22.046,409,44.77,22.3,8.41,7.25,3.42,0.00,386,386,386
22.090,410,44.25,22.6,26.46,1.73,3.75,0.00,386,386,386
22.135,411,44.54,22.5,11.03,12.60,0.93,0.00,386,386,386
22.179,412,44.50,22.5,9.07,1.91,3.54,0.00,386,386,386
22.225,413,45.92,21.8,7.59,3.10,0.53,0.00,386,386,386
22.268,414,43.29,23.1,9.27,13.05,0.99,0.00,386,386,386
22.313,415,44.29,22.6,8.30,13.33,3.55,0.00,386,386,386
22.357,416,44.70,22.4,7.75,10.11,3.38,0.00,386,386,386
22.402,417,44.41,22.5,10.50,12.92,6.87,0.15,386,386,386
22.448,418,45.85,21.8,7.73,12.45,3.33,0.26,386,386,386
22.491,419,42.82,23.4,8.98,11.62,3.54,0.00,386,386,386
22.536,420,45.84,21.8,9.23,12.37,7.05,0.00,386,386,386
22.580,421,43.46,23.0,9.05,12.64,3.48,0.00,386,386,386
22.623,422,43.62,22.9,7.18,12.27,3.30,0.00,386,386,386
22.668,423,44.96,22.2,9.44,11.23,7.10,0.00,386,386,386
22.712,424,44.09,22.7,8.39,1.05,3.50,0.00,386,386,386
22.756,425,43.79,22.8,7.66,12.95,0.51,0.00,386,386,386
22.801,426,44.76,22.3,10.46,1.12,7.32,0.00,386,386,386
22.846,427,44.90,22.3,7.51,14.16,0.50,0.00,386,386,386
22.891,428,45.03,22.2,8.52,15.47,5.45,0.35,386,386,386
22.935,429,44.26,22.6,9.70,1.43,8.38,0.00,386,386,386
22.979,430,43.95,22.8,8.47,1.45,0.69,0.00,386,386,386
23.024,431,44.46,22.5,7.83,2.09,0.44,0.00,386,386,386
23.068,432,44.18,22.6,9.27,1.83,1.05,0.00,386,386,386
23.112,433,44.09,22.7,7.94,13.18,0.61,0.00,386,386,386
23.156,434,44.17,22.6,7.90,12.95,3.34,0.00,386,386,386
23.201,435,44.95,22.2,10.16,1.08,7.28,0.00,386,386,386
23.245,436,43.96,22.7,7.34,14.51,0.50,0.00,386,386,386
23.290,437,44.59,22.4,8.26,13.45,3.47,0.00,386,386,386
23.334,438,44.78,22.3,8.74,12.96,7.12,0.00,386,386,386
23.378,439,43.83,22.8,8.32,15.57,3.58,0.00,386,386,386
23.423,440,44.58,22.4,6.77,13.58,3.40,0.00,386,386,386
23.467,441,44.69,22.4,8.61,13.18,6.64,0.00,386,386,386
23.512,442,44.23,22.6,8.25,14.54,3.57,0.00,386,386,386
23.556,443,44.71,22.4,7.25,13.11,3.30,0.00,386,386,386
23.601,444,44.47,22.5,10.37,14.16,7.37,0.00,386,386,386
23.645,445,44.04,22.7,7.33,14.53,3.42,0.00,386,386,386
23.698,446,52.79,18.9,7.86,12.99,3.54,0.00,386,386,386
23.736,447,38.12,26.2,8.90,14.01,3.51,0.00,386,386,386
23.823,448,86.76,11.5,7.91,15.28,0.00,0.00,386,386,386
